GIT k,silhouette_score,davies_bouldin_index,calinski_harabasz_index,inertia
2,0.314906,1.27961,3846.232314,45548.646276
3,0.302393,1.224238,3793.846967,33896.475149
4,0.282968,1.188173,3398.136839,28767.200151
5,0.301649,1.182829,3208.107891,24945.927239
6,0.280642,1.325189,2961.029435,22690.805351
7,0.274514,1.24366,2785.048866,20868.390248
8,0.281548,1.162047,2682.822172,19193.548105
9,0.269552,1.223852,2574.50972,17929.903211
10,0.266409,1.25387,2464.953287,16953.297366
