{
  "algorithm": "K-Means",
  "n_clusters": 3,
  "labels": [
    0,
    1,
    2,
    1,
    2,
    0,
    1,
    0,
    2,
    1,
    0,
    1,
    2,
    0,
    1,
    0,
    2,
    1,
    0,
    1,
    0,
    1,
    1,
    2,
    0,
    1,
    2,
    0,
    1,
    0
  ],
  "inertia": 58.417161551995264,
  "centroids": [
    [
      -0.4972676509411628,
      -0.4014808033422197,
      -0.4094555863091957,
      -0.5364115775016756,
      -0.4044581828054044,
      -0.39168269182723925,
      -0.43810796052985845,
      -0.31556299325120485,
      -0.3375027200614071,
      0.43452409462674085,
      -0.2448107718336867,
      0.02034369631275101,
      -0.13476569834027907
    ],
    [
      1.0835033161082201,
      1.0765117446581258,
      1.092749864673464,
      1.1102226196244134,
      1.0770080463446643,
      1.069028700250284,
      1.089936905575442,
      1.0330931326676347,
      1.0626444338165317,
      -0.8931884167327446,
      1.0280657483841997,
      0.9015778490910811,
      -0.8431925622476772
    ],
    [
      -1.076013661849408,
      -1.2145502998761566,
      -1.2298552752400593,
      -1.0603062975677895,
      -1.2107223636109319,
      -1.2171192561291115,
      -1.1800079001538355,
      -1.2751320951783378,
      -1.2913147550175574,
      0.8483565656998275,
      -1.3776957843485498,
      -1.5775306926476076,
      1.6572476326735979
    ]
  ],
  "metrics": {
    "silhouette": 0.5056462235327088,
    "davies_bouldin": 0.6494840906535458,
    "calinski_harabasz": 76.62762448777643
  }
}